{
  "_meta": {
    "maxChars": {
      "welcome": "50"
    }
  },
  "en": {
    "welcome": "Welcome!",
    "title": "Mighty Force Knights\n<size=30>Newton's Law 1 and 2</size>",
    "options": "OPTIONS",
    "music": "MUSIC",
    "sound": "SOUND",
    "on": "ON",
    "off": "OFF",
    "close": "CLOSE",
    "yes": "YES",
    "no": "NO",
    "confirmDesc": "Are you sure you want to restart the level?",
    "confirmTitleRestart": "RESTART",
    "restart": "RESTART",
    "credits": "CREDITS",
    "credits_detail": "Written by: David Dionisio\nMusic from: Kevin MacLeod",
    "begin": "BEGIN",
    "proceed": "PROCEED",
    "victory": "VICTORY",
    "velocityX": "velocity(x)",
    "velocityY": "velocity(y)",
    "victory_act_1_1": "The princess has been rescued!",
    "act_1": "Act 1",
    "act_2": "Act 2",
    "act_3": "Act 3",
    "newton_first_law_title": "Newton's First Law",
    "newton_first_law_desc": "Newton's first law states that an object at rest will remain at rest, and an object in motion will maintain a constant velocity unless acted upon by a net external force.",
    "newton_at_rest": "At Rest",
    "newton_in_motion": "In Motion",
    "newton_balanced_force": "Balanced force.",
    "newton_zero_accel": "Acceleration = 0 m/s²",
    "forceGravity": "Force Gravity",
    "forceNormal": "Force Ground",
    "forceFriction": "Force Friction",
    "forcePush": "Force Push",
    "forceZeroNetForce": "0 Net Force (Balanced)",
    "force": "Force",
    "forceBalanced": "Force Balanced",
    "forceUnbalanced": "Force Unbalanced",
    "netForce": "Net Force",
    "weight": "Weight",
    "position": "POSITION",
    "velocity": "VELOCITY",
    "acceleration": "ACCELERATION",
    "axis": "Axis",
    "secondsFormat": "{0:0.0} seconds",
    "timeSlider": "Time: {0:0.0} - {1:0.0} seconds",
    "launch": "LAUNCH",
    "mass_inertia": "Inertia is proportional to Mass",
    "weight_gravity": "Weight = Force of Gravity",
    "newton_first_law_dlg_1": "This means that an object will keep doing what it is doing, be it sitting or moving, until it is bothered by a bunch of forces (net force).",
    "newton_first_law_dlg_kidnap_1": "Oh no! The princess has been taken hostage by these nefarious goblins!",
    "newton_first_law_dlg_kidnap_2": "Let me drop an object that will help us in this predicament. This will show us the first law in action.",
    "newton_first_law_dlg_gravity": "The gravity force is pulling the object towards Earth, which allows it to fall.",
    "newton_first_law_dlg_landed_1": "Now that the object has landed, the ground is pushing it up. This cancels out the gravity force. The object is now at rest.",
    "newton_first_law_dlg_landed_2": "Go ahead and summon a mighty knight to push the object!",
    "newton_first_law_dlg_goblins_1": "The goblins are pushing back! This brings the net force (sum of forces) back to zero.",
    "newton_first_law_dlg_goblins_2": "Summon more knights to overcome the goblins on the other side!",
    "newton_first_law_dlg_next_1": "Excellent! As you can see, the side with more force will determine the direction of the net force acting on the object.",
    "newton_first_law_dlg_next_2": "We need one more block to rescue our damsel in distress!",
    "newton_first_law_dlg_block2_1": "This block has no wheels. The force of friction will allow the block to resist a certain amount of push or pull from the sides.",
    "newton_first_law_dlg_block2_2": "We have enough knights to overcome this force. Summon the mighty knights for this one last push!",
    "newton_first_law_inertia_2_dlg_1": "In this scenario, we will learn more about inertia.",
    "newton_first_law_inertia_2_dlg_1_a": "Inertia tells us how much resistance an object has in changing motion. It is proportional to the amount of mass of the object.",
    "newton_first_law_inertia_2_dlg_1_b": "Mass measures the amount of matter the object contains. The more mass an object has, the heavier it gets, and more harder to move.",
    "newton_first_law_inertia_2_dlg_2": "Observe how the forces are interacting on this balance scale.",
    "newton_first_law_inertia_2_dlg_3": "The weight on each platform causes the scale to tip. If both platforms have equal weight, they will align horizontally.",
    "newton_first_law_inertia_2_dlg_4": "Here's a locked treasure chest as a demonstration. Put the correct amount of weight on the other platform to unlock it!",
    "newton_first_law_inertia_2_victory": "You have opened the treasure chest! Behold, the riches uncovered:",
    "dragWeightsHelp": "Drag these weights on top of the platform.",
    "knightPushing": "Knight Pushing",
    "constantMotion": "Constant Motion",
    "falling": "Falling due to Gravity",
    "newton_second_law_title": "Newton's Second Law",
    "newton_second_law_desc": "Newton's second law states that the acceleration of an object is proportional to the net force acting on it, and inversely proportional to its mass.",
    "pressLaunch": "Press the LAUNCH button.",
    "pressGraph": "Press the GRAPH button.",
    "dragForceSlider": "Drag the slider to change the Force value.",
    "mass": "Mass",
    "accel": "Acceleration",
    "vel": "Velocity",
    "vector": "Vector",
    "direction": "Direction",
    "magnitude": "Magnitude",
    "examples": "Examples",
    "newton_second_law_dlg_1": "Acceleration is what causes an object’s velocity to change over time. Which means the object will speed up, slow down, or change direction.",
    "newton_second_law_dlg_3": "As you can see, the more mass an object has, the less it will accelerate from the net force.",
    "newton_second_law_dlg_4": "Note that: force, acceleration, and velocity are all vectors.",
    "newton_second_law_dlg_4_2": "A vector has a value for each axis. In this case, the x and y. These values can tell us the direction, and the magnitude.",
    "newton_second_law_dlg_5": "A mighty knight has brought us a wheel to demonstrate. The wheel is enchanted with magical trails to allow us to observe its motion.",
    "newton_second_law_dlg_6": "The knight is pushing the wheel. The velocity in the X-axis is increasing.",
    "newton_second_law_dlg_7": "The wheel continues to roll. There is no change in velocity.",
    "newton_second_law_dlg_8": "As the wheel falls, the velocity in the Y-axis starts to decrease.",
    "newton_second_law_graph_1": "The graph maps out the trails across time along the x and y axis. Check out the velocity and acceleration by pressing the tabs above the graph.",
    "newton_second_law_graph_2": "Observe how the position line curves as velocity increases, indicating that there is acceleration.",
    "newton_second_law_graph_3": "If the position line is straight, then velocity is constant, and therefore no acceleration.",
    "newton_second_law_dlg_9": "The nefarious goblins have appeared out of thin air! They are surely up to no good. Push them off the cliff with the wheel.",
    "pressToProceed": "Press this button when you are ready to continue.",
    "targetsEliminated": "Targets Eliminated",
    "dragAngleHelp": "Drag this to adjust the cannon's angle to 70°.",
    "act_2_2_force_hint": "Set the force value to 310N.",
    "graphReminder": "Remember to check the graph to analyze the trajectory of the cannonball.",
    "newton_second_law_2_dlg_1": "Beware! More goblins have appeared!",
    "newton_second_law_2_dlg_3": "Let us bring forth the mighty cannon to vanquish these vermin!",
    "newton_second_law_2_dlg_4": "This time around, we will be able to adjust the direction of the force upwards to counteract the gravitational force.",
    "newton_second_law_2_dlg_5": "Now let's adjust the cannon's angle and blast force to hit the nearest goblin.",
    "dragForcePushHelp": "Drag the Force Field to this surface.",
    "dragForceAdjustHelp": "You can reposition a Force Field by dragging it.",
    "playButtonHelp": "Press this button to start the simulation.",
    "trashButtonHelp": "Press and hold the trash button to clear out the Force Fields.",
    "act_3_title": "The Golden Ball",
    "act_2_end_dlg_1": "A large meteoroid is approaching Earth! Total destruction awaits us if nothing is done!",
    "act_2_end_dlg_2": "Seek the golden ball, for it will grant you the force to thwart the impending doom.",
    "act_2_end_dlg_3": "With your knowledge of Newton's law of motion, I am confident that you can accomplish the task!",
    "end_title": "GLORY IS YOURS",
    "end_desc": "Thank you for playing!",
    "finish": "FINISH",
    "hintTooltip": "Press this button to show hints.",
    "timeSliderWheelHint": "Drag the slider to observe the wheel's motion over time.",
    "knightsForcePush": "Knight's Force Push",
    "wheelsAcceleration": "Wheel's Acceleration",
    "speech": "SPEECH",
    "newGame": "NEW GAME",
    "continue": "CONTINUE",
    "act_3_intro_1": "In this act, we will be guiding the golden ball to its holy source.",
    "act_3_intro_2": "To do that, you must place force fields to influence the golden ball’s movement.",
    "act_3_intro_3": "Remember that so long as any forces are acting on an object, its acceleration will change. Thus, causing the object’s speed to change over time. ",
    "act_3_intro_4": "Now go forth, and attach a force field on the wall to get the ball rolling!",
    "act_3_2_intro_1": "This time around, we will be placing two force fields.",
    "act_3_2_intro_2": "In order to allow the golden ball to take flight, one must counteract the gravitational force with a much greater force.",
    "act_3_2_intro_3": "Please take note of the force field’s direction when placing them on the wall. Good luck!",
    "act_3_3_intro_1": "Now that you’ve come this far, it’s all up to you! Remember all that you’ve learned about Newton’s first two laws.",
    "act_3_3_intro_2": "First: An object at rest will remain at rest, and an object in motion will maintain a constant velocity unless acted upon by a net external force.",
    "act_3_3_intro_3": "Second: The acceleration of an object is proportional to the net force acting on it, and inversely proportional to its mass.",
    "act_3_3_intro_4": "Keep these in mind, and you will surely be a force to be reckoned with!",
    "end_law_1": "…and remember Newton's first and second laws:",
    "end_law_2": "An object at rest will remain at rest, and an object in motion will maintain a constant velocity unless acted upon by a net external force.",
    "end_law_3": "The acceleration of an object is proportional to the net force acting on it, and inversely proportional to its mass."
  },
  "es": {
    "welcome": "¡Bienvenido!",
    "title": "Caballeros poderosos de la fuerza\n<size=30>Ley 1 y 2 de Newton</size>",
    "options": "OPCIONES",
    "music": "MÚSICA",
    "sound": "SONIDO",
    "on": "ENCENDIDO",
    "off": "APAGADO",
    "close": "CERRAR",
    "yes": "SÍ",
    "no": "NO",
    "confirmDesc": "¿Estás seguro de que quieres reiniciar el nivel?",
    "confirmTitleRestart": "REINICIAR",
    "restart": "REINICIAR",
    "credits": "CRÉDITOS",
    "credits_detail": "Escrito por: David Dionisio\r\nMúsica de: Kevin MacLeod",
    "begin": "COMENZAR",
    "proceed": "PROCEDER",
    "victory": "VICTORIA",
    "velocityX": "velocidad (x)",
    "velocityY": "velocidad (y)",
    "victory_act_1_1": "¡La princesa ha sido rescatada!",
    "act_1": "Acto 1",
    "act_2": "Acto 2",
    "act_3": "Acto 3",
    "newton_first_law_title": "Primera ley de Newton",
    "newton_first_law_desc": "La primera ley de Newton establece que un objeto en reposo permanecerá en reposo y que un objeto en movimiento mantendrá una velocidad constante a menos que actúe una fuerza externa neta.",
    "newton_at_rest": "En reposo",
    "newton_in_motion": "En movimiento",
    "newton_balanced_force": "Fuerza equilibrada.",
    "newton_zero_accel": "Aceleración = 0 m/s²",
    "forceGravity": "Gravedad de fuerza",
    "forceNormal": "Tierra de fuerza",
    "forceFriction": "Fuerza fricción",
    "forcePush": "Fuerza empuje",
    "forceZeroNetForce": "0 Fuerza neta (balanceada)",
    "force": "Fuerza",
    "forceBalanced": "Fuerza equilibrada",
    "forceUnbalanced": "Fuerza desequilibrada",
    "netForce": "Fuerza neta",
    "weight": "Peso",
    "position": "POSICIÓN",
    "velocity": "VELOCIDAD",
    "acceleration": "ACELERACIÓN",
    "axis": "Eje",
    "secondsFormat": "{0:0.0} segundos",
    "timeSlider": "Tiempo: {0:0.0} - {1:0.0} segundos",
    "launch": "LANZAMIENTO",
    "mass_inertia": "La inercia es proporcional a la masa",
    "weight_gravity": "Peso = Fuerza de gravedad",
    "newton_first_law_dlg_1": "Esto significa que un objeto seguirá haciendo lo mismo, ya sea sentado o en movimiento, hasta que le molestan un montón de fuerzas (fuerza neta).",
    "newton_first_law_dlg_kidnap_1": "¡Oh, no! ¡La princesa ha sido tomada como rehén por estos nefastos duendes!",
    "newton_first_law_dlg_kidnap_2": "Permítanme dejar caer un objeto que nos ayudará en esta situación. Esto nos mostrará la primera ley en acción.",
    "newton_first_law_dlg_gravity": "La fuerza de gravedad está tirando del objeto hacia la Tierra, lo que le permite caer.",
    "newton_first_law_dlg_landed_1": "Ahora que el objeto ha aterrizado, el suelo lo empuja hacia arriba. Esto cancela la fuerza de gravedad. El objeto está en reposo.",
    "newton_first_law_dlg_landed_2": "¡Adelante y llama a un caballero poderoso para empujar el objeto!",
    "newton_first_law_dlg_goblins_1": "¡Los duendes están empujando hacia atrás! Esto hace que la fuerza neta (suma de fuerzas) vuelva a cero.",
    "newton_first_law_dlg_goblins_2": "¡Invoca a más caballeros para vencer a los duendes del otro lado!",
    "newton_first_law_dlg_next_1": "¡Excelente! Como puede ver, el lado con más fuerza determinará la dirección de la fuerza neta que actúa sobre el objeto.",
    "newton_first_law_dlg_next_2": "¡Necesitamos un bloque más para rescatar a nuestra damisela en apuros!",
    "newton_first_law_dlg_block2_1": "Este bloque no tiene ruedas. La fuerza de fricción permitirá que el bloque resista una cierta cantidad de empuje o tirón de los lados.",
    "newton_first_law_dlg_block2_2": "Tenemos suficientes caballeros para superar esta fuerza. ¡Invoca a los poderosos caballeros para este último empujón!",
    "newton_first_law_inertia_2_dlg_1": "En este escenario, aprenderemos más sobre la inercia.",
    "newton_first_law_inertia_2_dlg_1_a": "La inercia nos indica cuánta resistencia tiene un objeto al cambiar de movimiento. Es proporcional a la cantidad de masa del objeto.",
    "newton_first_law_inertia_2_dlg_1_b": "La masa mide la cantidad de materia que contiene el objeto. Cuanto más masa tiene un objeto, más pesado se vuelve y más difícil de mover.",
    "newton_first_law_inertia_2_dlg_2": "Observe cómo interactúan las fuerzas en esta escala de balance.",
    "newton_first_law_inertia_2_dlg_3": "El peso de cada plataforma hace que la báscula se incline. Si ambas plataformas tienen el mismo peso, se alinearán horizontalmente.",
    "newton_first_law_inertia_2_dlg_4": "Aquí hay un cofre del tesoro cerrado como demostración. Pon la cantidad correcta de peso en la otra plataforma para desbloquearla.",
    "newton_first_law_inertia_2_victory": "¡Has abierto el cofre del tesoro! He aquí, las riquezas descubiertas:",
    "dragWeightsHelp": "Arrastre estos pesos por encima de la plataforma.",
    "knightPushing": "Caballero empujando",
    "constantMotion": "Movimiento constante",
    "falling": "Caída debido a la gravedad",
    "newton_second_law_title": "Segunda ley de Newton",
    "newton_second_law_desc": "La segunda ley de Newton establece que la aceleración de un objeto es proporcional a la fuerza neta que actúa sobre él e inversamente proporcional a su masa.",
    "pressLaunch": "Pulse el botón LANZAMIENTO.",
    "pressGraph": "Pulse el botón GRÁFICO.",
    "dragForceSlider": "Arrastre el control deslizante para cambiar el valor De la fuersa.",
    "mass": "Masa",
    "accel": "Aceleración",
    "vel": "Velocidad",
    "vector": "vector",
    "direction": "Dirección",
    "magnitude": "Magnitud",
    "examples": "Ejemplos",
    "newton_second_law_dlg_1": "La aceleración es lo que hace que la velocidad de un objeto cambie con el tiempo. Lo que significa que el objeto acelerará, ralentizará o cambiará de dirección.",
    "newton_second_law_dlg_3": "Como puedes ver, cuanta más masa tenga un objeto, menos acelerará desde la fuerza neta.",
    "newton_second_law_dlg_4": "Tenga en cuenta que: fuerza, aceleración y velocidad son vectores.",
    "newton_second_law_dlg_4_2": "Un vector tiene un valor para cada eje. En este caso, las x e y. Estos valores pueden indicarnos la dirección y la magnitud.",
    "newton_second_law_dlg_5": "Un caballero poderoso nos ha traído una rueda para demostrarnos. La rueda está encantada con senderos mágicos para permitirnos observar su movimiento.",
    "newton_second_law_dlg_6": "El caballero empuja el volante. La velocidad en el eje X está aumentando.",
    "newton_second_law_dlg_7": "La rueda sigue rodando. No hay cambios en la velocidad.",
    "newton_second_law_dlg_8": "A medida que cae la rueda, la velocidad en el eje Y comienza a disminuir.",
    "newton_second_law_graph_1": "",
    "newton_second_law_graph_2": "Observe cómo se curva la línea de posición a medida que aumenta la velocidad, lo que indica que hay aceleración.",
    "newton_second_law_graph_3": "Si la línea de posición es recta, la velocidad es constante y, por lo tanto, no hay aceleración.",
    "newton_second_law_dlg_9": "¡Los nefastos duendes han aparecido de la nada! Seguramente no están tramando nada bueno. Empújalos por el acantilado con el volante.",
    "pressToProceed": "Pulsa este botón cuando estés listo para continuar.",
    "targetsEliminated": "Objetivos eliminados",
    "dragAngleHelp": "Arrastra esto para guiar el ángulo del cañón a 70°.",
    "act_2_2_force_hint": "",
    "graphReminder": "Recuerda revisar el gráfico para analizar la trayectoria de la bala de cañón.",
    "newton_second_law_2_dlg_1": "¡Cuidado! ¡Han aparecido más duendes!",
    "newton_second_law_2_dlg_3": "¡Vamos a sacar el poderoso cañón para vencer a estas alimañas!",
    "newton_second_law_2_dlg_4": "",
    "newton_second_law_2_dlg_5": "",
    "dragForcePushHelp": "Arrastre el campo de fuerza a esta superficie.",
    "dragForceAdjustHelp": "Puede cambiar la posición de un campo de fuerza arrastrándolo.",
    "playButtonHelp": "Pulsa este botón para iniciar la simulación.",
    "trashButtonHelp": "Mantén pulsado el botón de la papelera para borrar los campos de fuerza.",
    "act_3_title": "El Balón de Oro",
    "act_2_end_dlg_1": "¡Un gran meteorito se acerca a la Tierra! ¡La destrucción total nos espera si no se hace nada!",
    "act_2_end_dlg_2": "Busca la bola de oro, porque te dará la fuerza para frustrar la inminente fatalidad.",
    "act_2_end_dlg_3": "Con su conocimiento de la ley del movimiento de Newton, estoy seguro de que puede cumplir la tarea.",
    "end_title": "LA GLORIA ES TUYA",
    "end_desc": "¡Gracias por jugar!",
    "finish": "FINALIZAR",
    "hintTooltip": "Pulsa este botón para mostrar sugerencias.",
    "timeSliderWheelHint": "Arrastre el control deslizante para observar el movimiento de la rueda a lo largo del tiempo.",
    "knightsForcePush": "Empuje de fuerza del caballero",
    "wheelsAcceleration": "Aceleración de la rueda",
    "speech": "DISCURSO",
    "newGame": "NUEVO JUEGO",
    "continue": "CONTINUAR",
    "act_3_intro_1": "",
    "act_3_intro_2": "",
    "act_3_intro_3": "",
    "act_3_intro_4": "",
    "act_3_2_intro_1": "",
    "act_3_2_intro_2": "",
    "act_3_2_intro_3": "",
    "end_law_1": "",
    "end_law_2": "",
    "end_law_3": ""
  }
}